,market_value_eur,hype_score,sentiment_compound,injury_risk_score,impact_score
market_value_eur,1.0,0.20879132192919608,0.19055827651304033,0.015715392508219437,0.8680626939372739
hype_score,0.20879132192919608,1.0,0.9290299226859474,-0.011060099732433725,0.008386766609113186
sentiment_compound,0.19055827651304033,0.9290299226859474,1.0,-0.009596263508765824,0.0057015972229134855
injury_risk_score,0.015715392508219437,-0.011060099732433725,-0.009596263508765824,1.0,0.3733226878867098
impact_score,0.8680626939372739,0.008386766609113186,0.0057015972229134855,0.3733226878867098,1.0
