metric,correlation
value_vs_hype,0.20879132192919608
value_vs_injury,0.015715392508219437
